{"max":0.21290010837338505,"peaks":[0.1247027596943843,0.15456551238737973,0.15180078096595762,0.19555966416928758,0.14994646135776285,0.12008037404526206,0.20512012138539445,0.15385460905943552,0.14905059721522132,0.1895145321247279,0.15061621251146437,0.1333178006263611,0.16811529633978764,0.18747085808832856,0.1484570490474924,0.16140150481539692,0.14905929125993062,0.12942559465242773,0.14162755885697523,0.168508757647434,0.14066358249464966,0.1601296365101011,0.1986371477787575,0.1482632137312477,0.12170551316317564,0.1903482177263737,0.16588158688693255,0.1672953990444377,0.185182753291676,0.15650797957178575,0.14414661540872134,0.17640996645594972,0.1690101279301489,0.1441180677940193,0.17488096782635884,0.17092036065813862,0.17742740015789626,0.18514147361523525,0.19404700687947044,0.1431723577756946,0.18280603617108646,0.20034679774338562,0.15821785440899888,0.1536322890149678,0.20958837774438255,0.16723606682384734,0.15374601290542814,0.2009216947322958,0.1640089330461521,0.17351933368579955,0.16826381265580226,0.12804084713530667,0.10378429787345134,0.1144015342241994,0.11077790328082615,0.13399794062922568,0.12644875088462693,0.11644269308228195,0.1346383641718274,0.1262317251438612,0.1058810487607996,0.1186347348727115,0.12389452061391112,0.12936263244491772,0.12044507160691655,0.1317490917528761,0.12879847062369607,0.1199105518118784,0.13878635398936176,0.1247419132492723,0.19538248297782052,0.15653919863583796,0.20517053112715808,0.1703486527728801,0.15090416248937902,0.18632418219246172,0.19501619644643625,0.16764372507890368,0.1882986775580559,0.20890733128256558,0.1670078162726097,0.168143411041196,0.21290010837338505,0.172150305806424,0.16099889957058808,0.21227940819153654,0.1693218715270401,0.16872175605101725,0.2042243531563259,0.18565129364416547,0.17342424521168676,0.19950146389519044,0.18498493602423713,0.18206401031151623,0.1950207500835054,0.02301751218763068,0.0015883873126057947,0.0005299332048923739,0.00017407416456124565,0.00005492439697264338]}