{"max":0.14349753982811317,"peaks":[0.030840664318119458,0.06044657210724808,0.07206262246415229,0.0545019903490043,0.06103898873654723,0.06439937071923717,0.06434141028611282,0.09169558478840624,0.10012939805997687,0.08411931537520007,0.0772917683902673,0.0948298742625498,0.09262360787887246,0.08839946177145679,0.09517494225754386,0.09475007332499785,0.08606037947359452,0.08781715707166479,0.09934310679792059,0.08918080914331213,0.07716411633012195,0.10783259771695634,0.10689422424693548,0.08021271215208453,0.10149417331263656,0.11060644751592351,0.09023327010996023,0.10898489699670036,0.09659768807060803,0.09877692191012624,0.08859583059460197,0.09869270247606744,0.09409124733043593,0.08183306609525513,0.09628742687136853,0.09655276697358028,0.09256822635898733,0.08314365397509348,0.09576557276896254,0.09461136012480675,0.08249702229778665,0.10537997250197996,0.11345805464957967,0.09880371657968233,0.09070606474596746,0.11341426214500637,0.1040745428804974,0.11770507856332998,0.07993890630893442,0.10750108580110057,0.10746720944166144,0.09944286901527521,0.09113479436081882,0.09482098347660681,0.0966720537220611,0.10346611890980183,0.14349753982811317,0.13809077670302242,0.12798864038442326,0.1209396983894862,0.13457776111084543,0.12600646440810415,0.12080597057044573,0.12193786987791654,0.09710611582607032,0.08156176299138904,0.08913628923415877,0.09686647194237549,0.09175700706818933,0.08813662982976363,0.0922593809201391,0.09268859460754356,0.07873336951313187,0.09630590881277776,0.0960435203503579,0.08401256420451698,0.07781956086372846,0.10912025749424152,0.11426399320594832,0.09431858970407933,0.09976758514368435,0.11435393992098929,0.09965833000413875,0.10390155950433809,0.047187017964844744,0.053084602059056706,0.05379970533582102,0.06380810378033466,0.05198758210273763,0.05578567708453793,0.058934943489870405,0.05045075016789561,0.05750321633746653,0.05564141556277908,0.05341508324514627,0.05798288512558251,0.06004363402553083,0.03487615153972028,0.009293961996031249,0.0016284378508332573]}