{"max":0.1068504766212551,"peaks":[0.012945967665176791,0.05651230435297013,0.06786073893750395,0.05598452960743481,0.031135562972166606,0.04874402895976458,0.059830728295165024,0.0781590243776669,0.0642208948724284,0.07196407906871245,0.06590239333181246,0.08137567388164882,0.04295411441802219,0.08168375187512297,0.05991624675434537,0.07154729351864902,0.06567147914076739,0.0791501766136481,0.045234067140265836,0.06888793962331921,0.07430003531576025,0.07555428976167392,0.04193220046164512,0.09639873948711056,0.1068504766212551,0.09362346071161445,0.08929849774685793,0.06512093180964716,0.10402952605688061,0.08012000851814466,0.05095298660696982,0.0512970814506494,0.08606922671174726,0.08111386177958932,0.07153478133882928,0.07883790760919548,0.0576438162739664,0.06553695554004545,0.08083167729845189,0.0702591052466809,0.08110125106701252,0.05059401223549104,0.06187276806869446,0.04387837154777816,0.06299236439966695,0.06438617374408455,0.07903923789318898,0.06609426778613813,0.09618038825871782,0.07697235528987345,0.0881393427737919,0.09236420100677686,0.056072139819306484,0.07867758793690616,0.07270253547495928,0.06783231889345775,0.0886797765233778,0.07445761649323172,0.07340679647349313,0.05293149670849546,0.04415811588683534,0.059574244694677835,0.05091281496121553,0.029405380241217298,0.04708136860008047,0.04624593526276693,0.061896052560680495,0.06212292697079283,0.05595550505063026,0.050661823705828495,0.08891675937374159,0.07088246172468526,0.0503145872667873,0.04174049192070921,0.06013526300178097,0.04792428045620353,0.07185157577192809,0.056248093156591294,0.08657301492645145,0.0819925689928652,0.05746853974236752,0.07022733707824136,0.0578156049398436,0.03675089548343464,0.07131523439901326,0.051639083027394804,0.09770681795500745,0.07919969141035949,0.05341642265910607,0.09411055823885722,0.07970732808066254,0.04698769676530783,0.05139704805116298,0.039657809857108664,0.027516375013440057,0.05962695507292441,0.021096302022062363,0.007770748823145862,0.0008073149113070947,0.00012476220970463348]}