{"max":0.1876811177107782,"peaks":[0.0185117483530575,0.026614311554808277,0.0255107199521437,0.02712604109788374,0.028531628901262165,0.0291184445949335,0.029467843095936627,0.028436926881727886,0.05936288117506611,0.07132467176545952,0.06432234917518909,0.0651053164442559,0.05367860898049081,0.0676048274757142,0.06154580886632048,0.08220056133924127,0.1090009354088952,0.10873541700069257,0.09915607855197935,0.10665342164811137,0.14333559004808313,0.13672194465964882,0.12634280905966175,0.1876811177107782,0.13424720769741832,0.1313939458542116,0.10857252440724816,0.11198721263268231,0.16738416483068239,0.11866040960566372,0.13266284637568157,0.1844961221343432,0.10099481202091075,0.15832082946907441,0.10796417855216872,0.10733343107809054,0.10412997968128707,0.11453899059733859,0.13958953746639052,0.17069884692148451,0.1126369513541136,0.15382991253368553,0.10641552553066501,0.09730668392309796,0.09386748114979326,0.11114678725491196,0.13114762216664672,0.16650517005250615,0.0771308691934304,0.06857409182536134,0.06551076770561191,0.12160078047745942,0.09040881190924294,0.08503573946423004,0.07444305500360729,0.11342605839773273,0.12649784901885702,0.11566428298369366,0.12009967676476638,0.13440470770900614,0.12316356617597386,0.1255987213968795,0.13890267858053895,0.17685882143205117,0.1179042929021778,0.10175311315547801,0.1262427927806122,0.12713021887551282,0.113855079480485,0.12779245442753978,0.15166439569676393,0.16990450135072582,0.13020781051179003,0.1317167037188879,0.10805848378321888,0.10678492394962429,0.1287988862707781,0.1494032458517786,0.18530048794695397,0.13388152055176125,0.09859605876190924,0.0810234371057087,0.08958566429184912,0.08708954886166098,0.0917087427883613,0.14043531959735556,0.15917209891435063,0.12382611097926706,0.13179734591468004,0.10776644092631939,0.1474091596945301,0.13141661835203966,0.13497858483855404,0.14950387198045853,0.15128441492441388,0.13215377441462256,0.0809295463798895,0.012521154076440326,0.0005647886891496077,0.00009534018729674579]}