{"max":0.1940070149048021,"peaks":[0.012230203989427507,0.05584943153434066,0.11117855932612976,0.11824538632361833,0.1054105806868877,0.15358699494288652,0.09694108093620722,0.066113345272657,0.06643539977925057,0.06453277865440409,0.10263903678080193,0.0800050368925044,0.125593847716292,0.10146516279516438,0.10250945046825939,0.13593305261850105,0.08692414841355693,0.06112065690637072,0.05588731765277103,0.08235011127358745,0.09630080406967677,0.07954702047431493,0.14664105791721582,0.09499876744104203,0.12855883073269234,0.1157857643412896,0.07285032474110625,0.0591023271095863,0.057088368788507926,0.08671555689460454,0.08525646468308293,0.09817692072362315,0.1335546658958145,0.11339645824103599,0.15821895637004393,0.11752348033876521,0.08255861258069704,0.07091320397395484,0.07132236618557669,0.13464561379588907,0.16109009407984665,0.1552427426581144,0.1490394631793996,0.15371294771077956,0.18167815279416624,0.15264276947241162,0.12738677301496926,0.10553135683195751,0.13428200620413286,0.15418608470578854,0.1529584099524584,0.15378362191643108,0.12523768400716034,0.15672835516167258,0.15994955161455812,0.14145213623049882,0.12157964437544816,0.11308713559523344,0.12894341331601,0.13802389723783476,0.12988549805207203,0.17007353029321343,0.11690137861318267,0.17493967294808344,0.14830595314249367,0.11696426151178572,0.11397945799370084,0.10293986779986301,0.1339287718428092,0.14194281052577454,0.12726536187862728,0.15678783366244195,0.14869411910286237,0.1754853073556359,0.1558097767404955,0.12239706804471129,0.09441184482749924,0.11198860794069464,0.14842267019244754,0.15520838538058832,0.1940070149048021,0.18928551282318873,0.14957645677144893,0.15590532333968043,0.10368147015497733,0.09753686923066784,0.03873765443911946,0.012131556311800427,0.01224154294918223,0.009656670664162363,0.010701652635702785,0.014214503378466756,0.01133390951822895,0.0022861779571286185,0.0004449486272240795,0.0000773410915770107,0.000019684781109692247,0.0000030711709396457233,2.506162671626049e-7,6.192363602965883e-8]}