{"max":0.18881333667724184,"peaks":[0.13177876518534987,0.17778147663046598,0.15500685250016627,0.17421157784420538,0.1650459959559865,0.18472323064453236,0.15736348425816674,0.1586583091983789,0.1533151486394724,0.12464143643947376,0.11997120548811237,0.12672383236181545,0.16138641162719825,0.1655578365064965,0.17597104370255306,0.15071048620271366,0.16107322380788056,0.13686106072399548,0.11200008889585493,0.1469726523175857,0.15925173132410989,0.16169697429692875,0.15558616819082197,0.12569128320639505,0.14661587201971027,0.18651193195386967,0.17331583794916816,0.18529156147774134,0.16949592786833675,0.17338704999043392,0.15309882509194334,0.1577643903515,0.17571499447039327,0.12638583511480486,0.13534404816490284,0.1542852236732104,0.17139613295512424,0.16403860476055476,0.16941415496393122,0.17576019262441028,0.18881333667724184,0.13219655558779067,0.1331742303633184,0.130904388376435,0.16685911544855936,0.16258839691128682,0.16096735797481837,0.15283831427173888,0.14996658871468185,0.15262037711529355,0.16829596585571097,0.17484869056501878,0.15203203038508362,0.18693639244996724,0.17225357124572482,0.16406800219250509,0.1834519574884403,0.15916665972955196,0.12180358048128168,0.15372432418021256,0.17625483543946527,0.16705928512068735,0.1456007473209896,0.16810025631350034,0.15069659943450905,0.16020956417910182,0.14965233773241798,0.15637350633001573,0.13860118366987306,0.1884563282916981,0.14635799539978603,0.17237840261459475,0.12400472326286903,0.15057969590634238,0.12887321343358227,0.18036750469109133,0.1328116682486773,0.17718722282639357,0.13407193007613624,0.15591854390672708,0.1477177536610601,0.14077975197801063,0.126853934496505,0.13901370504406776,0.14017219155952154,0.15994193629891765,0.14845126783420126,0.1746725916999115,0.1587561555053948,0.14520235165994497,0.1123816914375536,0.12342619715029281,0.1230336873776137,0.16824195523532812,0.1455600052818948,0.14359969579401108,0.14140176690755296,0.0921653469090944,0.0014970760093860431,0.00003896413910002853]}