{"max":0.1051568242381849,"peaks":[0.035684895543317066,0.04106670557039405,0.044269655162386665,0.04211379273132726,0.04950276247802939,0.039716257512643655,0.04552346639479209,0.043535983620279085,0.03838302339613606,0.044693485426797346,0.04598286494494063,0.041269113322951134,0.027890795725021157,0.08085226981142404,0.06580620634380178,0.06995818594075406,0.07730664861895378,0.06758172635058315,0.07120251970853811,0.06797792778036371,0.06805326071398418,0.0778705280762822,0.07196360607210045,0.0732387324487462,0.07502387241175931,0.06445728546998492,0.0724314545725534,0.07513832436676744,0.07264727448442865,0.07909550658437317,0.06896079795697341,0.07996765415953482,0.0960666977825191,0.0733195593241777,0.08613977113657237,0.09618825118785167,0.06466371265818333,0.06258769013176849,0.0785414091688821,0.07480948703697654,0.07794594416177218,0.07860508140672719,0.08690406696305919,0.08223702695937787,0.07580895814496132,0.07205094531145576,0.08240952304276333,0.08249562837383959,0.06838788764966927,0.09244947806405249,0.09891106217784201,0.07544821871952133,0.06437685758600517,0.07950146506403218,0.08019685491897141,0.07542395459937115,0.0784869695390974,0.08795583444186392,0.07230886987142947,0.07656567417385905,0.10037796341859542,0.09219832323054226,0.09846318623910369,0.0958662795984484,0.08509927786098263,0.08767494689855485,0.08432169715673854,0.09073496894988585,0.09569805599404069,0.0899033336821725,0.07981987686670725,0.08111414158646954,0.09667220944520327,0.08221119207420712,0.0890623098637818,0.10285310315707048,0.09370541930758115,0.06780070434819399,0.0751418574747616,0.09940509292981695,0.08078273141119154,0.0839766699882111,0.08206203352726978,0.08542113901295313,0.07321436223826946,0.0919293612824445,0.09879159022430038,0.1051568242381849,0.08993285204780144,0.09733111664684836,0.09077968789414566,0.07903646918545781,0.0945259940323929,0.08602988176431331,0.0838109707795658,0.10212936246558077,0.08142336814045797,0.0830516266561385,0.011781072616672737,0.00013089726310954564]}