{"max":0.2402775941697164,"peaks":[0.11238768788642213,0.1355386817075275,0.16165288833677344,0.11646496392419735,0.12231823448789643,0.15079925631029162,0.12500034776749894,0.15144803233986293,0.12829637104120065,0.12403042720142195,0.17629798208749933,0.16312779891700466,0.19256049837321543,0.14580813476391843,0.15388962142473425,0.16829010733152347,0.15292217874793848,0.17736857707134612,0.15740323804199163,0.16352804442616506,0.17718339349456508,0.1512414341866702,0.1624091555611953,0.1413060612067309,0.1472752281751698,0.1968946506528233,0.15549811524925436,0.17243217569289823,0.1689013486397619,0.16000825404284888,0.20049979470244972,0.16732336504497636,0.21452770613765929,0.15030802957409098,0.1552556499145232,0.18156491105747183,0.15859318017685958,0.18630987345577013,0.2379734560448331,0.2102837951602088,0.2042940444898981,0.1630709638860562,0.2402775941697164,0.14632513192410135,0.15562572995535257,0.1916562389840747,0.1476409491102068,0.1954628010737889,0.22921164460335391,0.21378596328873212,0.1900068984369086,0.1720400573239935,0.22641546642373567,0.17588145781750913,0.1534243648482445,0.19559835925819638,0.1610344882768677,0.2031569938314249,0.14897971919584724,0.1738016914205547,0.19899060762539106,0.17228737178441872,0.20559712999121557,0.17484894838347845,0.1792728876478065,0.20125180274819657,0.15788421910828698,0.19432336265021083,0.12688604084399813,0.16585491110652892,0.1187822087139517,0.10392656802940259,0.09504022747217195,0.07650693153886394,0.09702951971070736,0.08291803726923147,0.09197595159705839,0.08192056718688145,0.08950967361663507,0.08992321252181415,0.09073131896474512,0.10146310760657982,0.09469678923391021,0.0775579562842698,0.0963873347848818,0.0827595602119124,0.08841345214387708,0.08813543285721627,0.0799523911854803,0.1293966093510834,0.1530151127821103,0.009807798054645791,0.00024213468363558791,0.000004819388127152894,5.987565378071109e-7,6.740499007732391e-8,2.3574785876869215e-8,0,0,0]}