{"max":0.11367955017284923,"peaks":[0.05522147892998827,0.053589024734649965,0.05491671380568344,0.06261972853318297,0.06462229605519307,0.06524453316186095,0.06425239887078472,0.07479264497768857,0.06374820548615594,0.0631992900371791,0.0627595959040762,0.06783726668203356,0.07498397349668987,0.06689504244235786,0.061190973842338556,0.060290726280801205,0.058929378272993084,0.05662400262555467,0.06103911094470939,0.05928690052162514,0.05726585234553725,0.052936674886347346,0.07060063858755362,0.05809497319118981,0.05719353342136566,0.059348119879310074,0.05646676938856266,0.053986451800132694,0.0571657240713129,0.07272945265691731,0.06388130150893127,0.061016407819399605,0.05639814987213318,0.051992189716224164,0.056937910968220894,0.06115628179248625,0.06749733644241183,0.07574118894905696,0.07072381952755874,0.06679491785436702,0.06160843914222776,0.06718522768953719,0.07105919452465925,0.06995702584291139,0.056347274145911425,0.061600790526821866,0.0626108886880215,0.05589663274918238,0.06861451729901331,0.06094785213956648,0.0625691456428944,0.05660971109194043,0.08643633854459834,0.056159845250309696,0.05849453557582603,0.0569239205658873,0.06035979750493066,0.06008691659824931,0.06056198080273439,0.0646551424831105,0.061297022517701145,0.05578356950823213,0.05504650684410876,0.05638687221292114,0.0663860789767571,0.06282174696660603,0.06335605459624197,0.07533156028125118,0.056557675945364,0.09687928496754443,0.056282762753268524,0.0672000838302415,0.07079778541443044,0.0638926481436275,0.056531328939473935,0.06390541375318758,0.05779731517719894,0.059025306380253974,0.10092221386964628,0.07487434718957192,0.05653771095923736,0.06091686471447777,0.059607382182461074,0.11367955017284923,0.061670332713081255,0.05609872168618852,0.05744616318652794,0.07338822252060753,0.06854562937288457,0.060266188188935386,0.06374439166895063,0.057436085637164895,0.015087739226897701,0.00012989402044199464,0.000015106507370431985,0.0000014436942615569414,8.883875431386386e-9,0,0,0]}