{"max":0.2627689965552288,"peaks":[0.011135942439577272,0.042112372779958475,0.04755343214717187,0.04227331682556764,0.055159500872907545,0.05663769589665106,0.07124995767071732,0.07589467520526602,0.08714270534444638,0.10641455790943652,0.19624374899886585,0.16847075288460264,0.1674503838749867,0.1971616825072839,0.1748375328709329,0.16184769199758275,0.1557689826880128,0.15984548881012534,0.202908029856214,0.17696467727887005,0.17242491231143775,0.16656712607602525,0.18463706878958872,0.19034500312749372,0.16986556679202405,0.1917844305152926,0.1673859370983854,0.22064606564610914,0.23097922696462683,0.16079790650044826,0.17111962775103104,0.16805450921299186,0.16913896276948334,0.19135029485493482,0.20014205554472553,0.22625454202112194,0.2358875939825701,0.19002000395361804,0.184934418086073,0.17269075162536807,0.1822595454295455,0.17468100869904576,0.16167980988513922,0.2022795510953402,0.2235827196045696,0.22637153858268885,0.20623735129694498,0.21733263969407748,0.22591294694961606,0.2265972857675055,0.2219027742938299,0.23160084465778052,0.21765715147173723,0.23454607656739973,0.2255937341359171,0.22762689318684498,0.24273088996666753,0.22449584398582867,0.23811295846947061,0.21559100782348406,0.24416478207270864,0.2243256593854482,0.21601553703069623,0.22665300627550408,0.24813378164422775,0.24565908419179708,0.2259874835380487,0.1930039191616726,0.2177053868941443,0.21969344239008365,0.21841638614686382,0.23753924273450897,0.2551603967767428,0.257507610239708,0.23463896100048592,0.2256553313197353,0.18602475095974053,0.21912477604564254,0.2220064404727202,0.21564560508784905,0.20788468228667548,0.25336321036057724,0.2627689965552288,0.24897479698469985,0.2366808110373077,0.2324737982743871,0.24532879225368825,0.22755534538558586,0.239608809438883,0.22488412014867348,0.2411907453991965,0.2523596471418376,0.1623202589627766,0.031083076625728755,0.010894303731858125,0.004582474853705908,0.002035574883715932,0.0008683462884333525,0.0003207917719929957,0.00007773802857266921]}