{"max":0.1376645615843651,"peaks":[0.10713513179297923,0.08072065644836462,0.06876061500355025,0.06327012527944262,0.055014360048056515,0.0624375209812677,0.12707468530817712,0.11844441140222739,0.09023395348268426,0.07232091068598674,0.052511477693869865,0.05489353901489226,0.10171341705313575,0.11117028853511733,0.08835277278747325,0.10870520601357123,0.07106420583171985,0.07997504246077627,0.0721124007802521,0.09801612673777069,0.055690415100636874,0.05342349746024566,0.04240469260096848,0.05080411083445185,0.0565979222303167,0.1308006359713773,0.13065522568298732,0.09205048486962947,0.08733059997867879,0.11470169674433982,0.1376645615843651,0.10561389423618614,0.08934813189625283,0.06136386453030395,0.04009436950292977,0.04589459578942048,0.06882613113749553,0.10895191322919036,0.0730119721714883,0.06355457690366031,0.12657986173654903,0.08494919547959781,0.07684789878407239,0.11015848273529764,0.09821547782302027,0.08164632974205316,0.11274408474583673,0.07125789632319152,0.09856516160886108,0.06651253893386953,0.1313676818936523,0.08506631864589688,0.09855206930314295,0.06743637114135144,0.06223951148423841,0.05339463501712913,0.10761375637496008,0.12280141122403206,0.09916028572856914,0.12122790330650915,0.07668981670350433,0.07171398375044964,0.09373351018174725,0.0812841863087493,0.09919524129254965,0.07920699670992708,0.08420905297208854,0.07210730073189207,0.08883312438623525,0.10785908945730484,0.08708098929369638,0.12348411327981082,0.04939675104951501,0.06145140740429123,0.04744828917233918,0.1318277538963993,0.08080548448846193,0.10062179508573535,0.06523401169265479,0.06233376089323672,0.05322578434609604,0.11231429244404417,0.12428551949715458,0.10012310310911494,0.12073830474733026,0.07767182765413332,0.07349533142162691,0.10843139516350564,0.07937564451012352,0.09473519729042482,0.08181327679253082,0.08480521875304387,0.07091735336675281,0.058989782323788084,0.07372701822872156,0.07988962603525245,0.12089353994868592,0.043218142286566966,0.027090883390596805,0.0038184961932561947]}