{"max":0.09381777334137312,"peaks":[0.08167818536275886,0.08914652478390782,0.07386675457771641,0.07592620946707353,0.06993147298030454,0.06643355139013242,0.07928178175925256,0.07626325904099099,0.060956008602421397,0.07558009691407289,0.06472205384090857,0.07640384972968418,0.08532024735827251,0.08445802251517136,0.09053745003468854,0.06845798819710422,0.0761899310318138,0.08399467397375335,0.07591264473387539,0.07245803098700644,0.07635894947688628,0.07020744795229655,0.07575178555139497,0.07671680208258266,0.06879415399182509,0.07500274131480283,0.0715265265155342,0.07163464953003476,0.05813594591935564,0.06351808014845862,0.08668478503924425,0.08034299192935433,0.07401066482323658,0.04903710866773746,0.057313429792228365,0.07300831156509825,0.07644362215665908,0.08762866627711356,0.08001282029440582,0.06780542097280726,0.0689026992621882,0.08354540017475161,0.07548210422596256,0.08321991405820646,0.07648047767079355,0.06487475585186271,0.07234490941737882,0.08182526011605368,0.07392068888675292,0.08412337254501145,0.07723983110174865,0.06784896155346733,0.06633343377462009,0.08131674956487928,0.0712521604071168,0.07511676015681071,0.06985915003520024,0.059709040753227235,0.05886708503612665,0.07787998803065116,0.05996325791381344,0.06683062213910361,0.08454313987262961,0.055766448523884765,0.07408530204759534,0.08006793823221284,0.06718627930159168,0.054243979861614326,0.061065627888266936,0.057451171567401364,0.060384103113452964,0.07645944478735252,0.06923758726824006,0.08272625869827958,0.08067256275656182,0.0717648606478436,0.06093806658783288,0.06879707248817156,0.09381777334137312,0.08807050310783208,0.07877695338405286,0.06564406413710014,0.07163486056209249,0.06963313328791716,0.06006036646224287,0.06175533515936734,0.07107998033223782,0.06667193133586467,0.06390358872602042,0.0735908842306922,0.0720935361505862,0.06937346765089429,0.05640306087777561,0.0580111571979737,0.0629732524491568,0.09008956888629356,0.0423660003880974,0.00039968186678917595,0.0000020915750759966705,7.814296714521432e-8]}