{"max":0.2066205631077613,"peaks":[0.029319491432303717,0.0274232449205683,0.0372010819441106,0.044960865942751636,0.0847220919340793,0.08630999179167512,0.08781335251090669,0.09077235783009459,0.07960963519782001,0.14626222565363536,0.14713626988150533,0.11787086044845393,0.1409571027877005,0.1834220039743699,0.14369034785410476,0.14376013656371056,0.16665295891212828,0.13170456689254217,0.14776708092087742,0.1391149685292947,0.15418309182415282,0.15949438323402207,0.1815185929773807,0.16434574593769058,0.16261398365127208,0.17286004538380156,0.1627808544887548,0.16708124402825597,0.16338988462725396,0.15247425605188783,0.14158668680870837,0.14658642769108654,0.1454266500161809,0.14786453795863322,0.11507055269613926,0.16401652762115393,0.13074164880547695,0.1422740588332258,0.1418636732800665,0.19130691869337568,0.15583277258713873,0.13528458456846879,0.17488154867036787,0.11154272824384903,0.2066205631077613,0.14919392262016357,0.1461532965528508,0.15057911799241588,0.19391706792790883,0.14215798788917927,0.15022511534926078,0.14369304301732785,0.12411828555010207,0.17417391660146625,0.1530354461201615,0.15895157362350384,0.1470603372140153,0.16331166314185774,0.14889088092530647,0.1460594845119135,0.1387904262207015,0.14907261244026318,0.1676824514582802,0.14931777794990006,0.15145102877457614,0.15094575527389034,0.15398849038951318,0.1371296894981828,0.15923943072489977,0.13337541029806918,0.11267691847661979,0.10122306195559727,0.07502547987850545,0.053839063896743033,0.05737714445159849,0.03653783676914515,0.06729315522276699,0.056291870038612295,0.03142050896040118,0.048261633722285605,0.0824677646820644,0.04463892103974855,0.029374227397325908,0.05049791410458525,0.11254125032152142,0.06086563395335051,0.026015506279340593,0.03941610424030652,0.10429158173327391,0.08155279351733294,0.044396722712988834,0.04383546495432124,0.03843039474208809,0.034099642562358236,0.001584542880761915,0.0000026045995419620002,0,0,0,0]}