{"max":0.16645429727049918,"peaks":[0.1361224397855133,0.14098111732082305,0.13430630112130812,0.14058320640874417,0.13040113304187562,0.16290794670337416,0.11934266084373717,0.12972357506631693,0.1388597174867316,0.1525871294921067,0.14983744233578583,0.12441476180322998,0.14551635200012325,0.14377665953304916,0.12294571390216584,0.12147431609293917,0.13259249996688105,0.1308340085324661,0.12975711041538324,0.13726923810524683,0.15071770241362736,0.145488350033639,0.1434947515293133,0.13553722488870595,0.12448573965607099,0.11954083303594215,0.12280324414072634,0.12394844999656358,0.13687014288867222,0.15683988773105623,0.1354629937351157,0.14642797629219226,0.12937175170675688,0.1655428892886601,0.15105643477929379,0.14818851639140296,0.15220020561768638,0.14414209425548372,0.13490538774325225,0.14399105475125973,0.12549153177616776,0.12983953866870068,0.12920172894706636,0.14834619709363647,0.1651715759769411,0.12516942760671804,0.11342483236248331,0.13572823443734947,0.13015361074735668,0.1512323232898217,0.1447621164861227,0.12055840064578768,0.14762731079993685,0.11546469472158345,0.1195534922357323,0.12422495928063185,0.14031507453471462,0.15984104687671535,0.12822790428041902,0.1230022848445446,0.13645308205364728,0.12985422148330553,0.14682063014339988,0.12911704304849617,0.13356090155881764,0.13438160029983237,0.1161653261509101,0.1465195590833796,0.13967539664120387,0.13502905454872227,0.13305176681009068,0.12740216829062484,0.12694642436006548,0.15574765189419418,0.11613933067785658,0.14145625945780618,0.13843283182686675,0.11434815237973518,0.1254848368398243,0.1397346081706923,0.1252433513474287,0.16645429727049918,0.13710495317267263,0.14388116473056287,0.1437282218745217,0.12602260926137812,0.12442909688108555,0.13275734621537233,0.14896095387576624,0.16159124538093753,0.13735406866368963,0.14764644745773892,0.14736445333863546,0.12465204312521054,0.14457388586226994,0.14065403018390096,0.15231472214424197,0.02329125184272232,0.0025429556997207756,3.299255461556706e-9]}