{"max":0.17928568042621296,"peaks":[0.000010889494200592914,0.10958163881048572,0.11630041246300686,0.14145360804026472,0.12204220786110101,0.13811755458352834,0.12352133486844484,0.12792379176423735,0.1378624808832016,0.14406332233624566,0.15339608231122048,0.13480882817535167,0.1580375597723181,0.13812227539901242,0.1542230796359715,0.14659424268231733,0.16771044636808743,0.16565989431334757,0.1619465817284017,0.16354644781550046,0.16533857832945806,0.17294931457447288,0.16909918623032252,0.1603979747922255,0.17148534993168052,0.168350368782664,0.17226549299541016,0.165947918235531,0.170790824293365,0.16845105079002023,0.16649195961714103,0.16525199017247527,0.16535250179970443,0.17849201868247272,0.1688812081962664,0.1764897126437454,0.17770986861078936,0.16971113284134895,0.16693754732003915,0.16450158167943213,0.17677643471679516,0.16918541105567858,0.1728594958749996,0.16585699013314786,0.17377112177622994,0.16714139949440798,0.1646708023543389,0.17725898628668113,0.17114495122412676,0.17176800842214432,0.16976259755394776,0.08719630684622161,0.0705383693484602,0.0767626055483485,0.0748849355695227,0.07407506609111802,0.078985839893793,0.06759008011821226,0.16901722826483134,0.15919793235599644,0.16354822144512443,0.15697175162503135,0.15561179886596735,0.16931585554396383,0.17928568042621296,0.17255245450354914,0.1628675014416042,0.1613000106078574,0.16873272355625574,0.1568826742001323,0.16154566227306735,0.16296431144925108,0.1622903292183277,0.15354262276835787,0.15600547205059687,0.16466267792936562,0.15642953368895512,0.16661925657745358,0.1586991305837485,0.1625252131607255,0.16050178073811897,0.1615617331136572,0.16314119840239352,0.1622516336779126,0.17060984078310037,0.16967851107078677,0.166672182912086,0.16235392490378078,0.16667759199021642,0.16699476624636778,0.16782958219680483,0.17101737418330476,0.17163391142449785,0.1648665369630901,0.16619706067915466,0.16899352458469974,0.17237044561716114,0.10729427742807776,0.03951180227347544,0.005478889769490688]}